A,2018-09-11 14:58:04
A,2018-09-11 14:58:04
A,2018-09-11 14:58:04
A,2018-09-11 14:58:04
A,2018-09-11 14:58:04
A,2018-09-11 14:58:04
A,2018-09-11 14:58:04
A,2018-09-11 14:58:04
A,2018-09-11 14:58:04
A,2018-09-11 14:58:04
A,2018-09-11 14:58:04
A,2018-09-11 14:58:04
A,2018-09-11 14:58:04
A,2018-09-11 14:58:04
A,2018-09-11 14:58:04
A,2018-09-11 14:58:04
A,2018-09-11 14:58:04
A,2018-09-11 14:58:04
A,2018-09-11 14:58:04
A,2018-09-11 14:58:04
A,2018-09-11 14:58:04
A,2018-09-11 14:58:04
A,2018-09-11 14:58:04
A,2018-09-11 14:58:04
A,2018-09-11 14:58:04
A,2018-09-11 14:58:04
A,2018-09-11 14:58:04
A,2018-09-11 14:58:04
A,2018-09-11 14:58:04
A,2018-09-11 14:58:04
A,2018-09-11 14:58:04
A,2018-09-11 14:58:04
A,2018-09-11 14:58:04
A,2018-09-11 14:58:04
A,2018-09-11 14:58:04
A,2018-09-11 14:58:04
A,2018-09-11 14:58:04
A,2018-09-11 14:58:04
A,2018-09-11 14:58:04
A,2018-09-11 14:58:04
A,2018-09-11 14:58:04
A,2018-09-11 14:58:04
A,2018-09-11 14:58:04
A,2018-09-11 14:58:04
A,2018-09-11 14:58:04
A,2018-09-11 14:58:04
A,2018-09-11 14:58:04
A,2018-09-11 14:58:04
A,2018-09-11 14:58:04
A,2018-09-11 14:58:04
A,2018-09-11 14:58:04
A,2018-09-11 14:58:04
A,2018-09-11 14:58:04
A,2018-09-11 14:58:04
A,2018-09-11 14:58:04
A,2018-09-11 14:58:04
A,2018-09-11 14:58:04
A,2018-09-11 14:58:04
A,2018-09-11 14:58:04
A,2018-09-11 14:58:04
A,2018-09-11 14:58:04
A,2018-09-11 14:58:04
A,2018-09-11 14:58:04
A,2018-09-11 14:58:04
A,2018-09-11 14:58:04
A,2018-09-11 14:58:04
A,2018-09-11 14:58:04
A,2018-09-11 14:58:04
A,2018-09-11 14:58:04
A,2018-09-11 14:58:04
A,2018-09-11 14:58:04
A,2018-09-11 14:58:04
A,2018-09-11 14:58:04
A,2018-09-11 14:58:04
A,2018-09-11 14:58:04
A,2018-09-11 14:58:04
A,2018-09-11 14:58:04
A,2018-09-11 14:58:04
A,2018-09-11 14:58:04
A,2018-09-11 14:58:04
A,2018-09-11 14:58:04
A,2018-09-11 14:58:04
A,2018-09-11 14:58:04
A,2018-09-11 14:58:04
A,2018-09-11 14:58:04
A,2018-09-11 14:58:04
A,2018-09-11 14:58:04
A,2018-09-11 14:58:04
A,2018-09-11 14:58:04
A,2018-09-11 14:58:04
A,2018-09-11 14:58:04
A,2018-09-11 14:58:04
A,2018-09-11 14:58:04
A,2018-09-11 14:58:04
A,2018-09-11 14:58:04
A,2018-09-11 14:58:04
A,2018-09-11 14:58:04
A,2018-09-11 14:58:04
A,2018-09-11 14:58:04
A,2018-09-11 14:58:04
A,2018-09-11 14:58:04
A,2018-09-11 14:58:04
A,2018-09-11 14:58:04
A,2018-09-11 14:58:04
A,2018-09-11 14:58:04
A,2018-09-11 14:58:04
A,2018-09-11 14:58:04
A,2018-09-11 14:58:04
A,2018-09-11 14:58:04
A,2018-09-11 14:58:04
A,2018-09-11 14:58:04
A,2018-09-11 14:58:04
A,2018-09-11 14:58:04
A,2018-09-11 14:58:04
A,2018-09-11 14:58:04
A,2018-09-11 14:58:04
A,2018-09-11 14:58:04
A,2018-09-11 14:58:04
A,2018-09-11 14:58:04
A,2018-09-11 14:58:04
A,2018-09-11 14:58:04
A,2018-09-11 14:58:04
A,2018-09-11 14:58:04
A,2018-09-11 14:58:04
A,2018-09-11 14:58:04
A,2018-09-11 14:58:04
A,2018-09-11 14:58:04
A,2018-09-11 14:58:04
A,2018-09-11 14:58:04
A,2018-09-11 14:58:04
A,2018-09-11 14:58:04
A,2018-09-11 14:58:04
A,2018-09-11 14:58:04
A,2018-09-11 14:58:04
A,2018-09-11 14:58:04
A,2018-09-11 14:58:04
A,2018-09-11 14:58:04
A,2018-09-11 14:58:04
A,2018-09-11 14:58:04
A,2018-09-11 14:58:04
A,2018-09-11 14:58:04
A,2018-09-11 14:58:04
A,2018-09-11 14:58:04
A,2018-09-11 14:58:04
A,2018-09-11 14:58:04
A,2018-09-11 14:58:04
A,2018-09-11 14:58:04
A,2018-09-11 14:58:04
A,2018-09-11 14:58:04
A,2018-09-11 14:58:04
A,2018-09-11 14:58:04
A,2018-09-11 14:58:04
A,2018-09-11 14:58:04
A,2018-09-11 14:58:04
A,2018-09-11 14:58:04
A,2018-09-11 14:58:04
A,2018-09-11 14:58:04
A,2018-09-11 14:58:04
A,2018-09-11 14:58:04
A,2018-09-11 14:58:04
A,2018-09-11 14:58:04
A,2018-09-11 14:58:04
A,2018-09-11 14:58:04
A,2018-09-11 14:58:04
A,2018-09-11 14:58:04
A,2018-09-11 14:58:04
A,2018-09-11 14:58:04
A,2018-09-11 14:58:04
A,2018-09-11 14:58:04
A,2018-09-11 14:58:04
A,2018-09-11 14:58:04
A,2018-09-11 14:58:04
A,2018-09-11 14:58:04
A,2018-09-11 14:58:04
A,2018-09-11 14:58:04
A,2018-09-11 14:58:04
A,2018-09-11 14:58:04
A,2018-09-11 14:58:04
A,2018-09-11 14:58:04
A,2018-09-11 14:58:04
A,2018-09-11 14:58:04
A,2018-09-11 14:58:04
A,2018-09-11 14:58:04
A,2018-09-11 14:58:04
A,2018-09-11 14:58:04
A,2018-09-11 14:58:04
A,2018-09-11 14:58:04
A,2018-09-11 14:58:04
A,2018-09-11 14:58:04
A,2018-09-11 14:58:04
A,2018-09-11 14:58:04
A,2018-09-11 14:58:04
A,2018-09-11 14:58:04
A,2018-09-11 14:58:04
A,2018-09-11 14:58:04
A,2018-09-11 14:58:04
A,2018-09-11 14:58:04
A,2018-09-11 14:58:04
A,2018-09-11 14:58:04
A,2018-09-11 14:58:04
A,2018-09-11 14:58:04
A,2018-09-11 14:58:04
A,2018-09-11 14:58:04
A,2018-09-11 14:58:04
A,2018-09-11 14:58:04
A,2018-09-11 14:58:04
A,2018-09-11 14:58:04
A,2018-09-11 14:58:04
A,2018-09-11 14:58:04
A,2018-09-11 14:58:04
A,2018-09-11 14:58:04
A,2018-09-11 14:58:04
A,2018-09-11 14:58:04
A,2018-09-11 14:58:04
A,2018-09-11 14:58:04
A,2018-09-11 14:58:04
A,2018-09-11 14:58:04
A,2018-09-11 14:58:04
A,2018-09-11 14:58:04
A,2018-09-11 14:58:04
A,2018-09-11 14:58:04
A,2018-09-11 14:58:04
A,2018-09-11 14:58:04
A,2018-09-11 14:58:04
A,2018-09-11 14:58:04
A,2018-09-11 14:58:04
A,2018-09-11 14:58:04
A,2018-09-11 14:58:04
A,2018-09-11 14:58:04
A,2018-09-11 14:58:04
A,2018-09-11 14:58:04
A,2018-09-11 14:58:04
A,2018-09-11 14:58:04
A,2018-09-11 14:58:04
A,2018-09-11 14:58:04
A,2018-09-11 14:58:04
A,2018-09-11 14:58:04
A,2018-09-11 14:58:04
A,2018-09-11 14:58:04
A,2018-09-11 14:58:04
A,2018-09-11 14:58:04
A,2018-09-11 14:58:04
A,2018-09-11 14:58:04
A,2018-09-11 14:58:04
A,2018-09-11 14:58:04
A,2018-09-11 14:58:04
A,2018-09-11 14:58:04
A,2018-09-11 14:58:04
A,2018-09-11 14:58:04
A,2018-09-11 14:58:04
A,2018-09-11 14:58:04
A,2018-09-11 14:58:04
A,2018-09-11 14:58:04
A,2018-09-11 14:58:04
A,2018-09-11 14:58:04
A,2018-09-11 14:58:04
A,2018-09-11 14:58:04
A,2018-09-11 14:58:04
A,2018-09-11 14:58:04
A,2018-09-11 14:58:04
A,2018-09-11 14:58:04
A,2018-09-11 14:58:04
A,2018-09-11 14:58:04
A,2018-09-11 14:58:04
A,2018-09-11 14:58:04
A,2018-09-11 14:58:04
A,2018-09-11 14:58:04
A,2018-09-11 14:58:04
A,2018-09-11 14:58:04
A,2018-09-11 14:58:04
A,2018-09-11 14:58:04
A,2018-09-11 14:58:04
A,2018-09-11 14:58:04
A,2018-09-11 14:58:04
A,2018-09-11 14:58:04
A,2018-09-11 14:58:04
A,2018-09-11 14:58:04
A,2018-09-11 14:58:04
A,2018-09-11 14:58:04
A,2018-09-11 14:58:04
A,2018-09-11 14:58:04
A,2018-09-11 14:58:04
A,2018-09-11 14:58:04
A,2018-09-11 14:58:04
A,2018-09-11 14:58:04
A,2018-09-11 14:58:04
A,2018-09-11 14:58:04
A,2018-09-11 14:58:04
A,2018-09-11 14:58:04
A,2018-09-11 14:58:04
A,2018-09-11 14:58:04
A,2018-09-11 14:58:04
A,2018-09-11 14:58:04
A,2018-09-11 14:58:04
A,2018-09-11 14:58:04
A,2018-09-11 14:58:04
A,2018-09-11 14:58:04
A,2018-09-11 14:58:04
A,2018-09-11 14:58:04
A,2018-09-11 14:58:04
A,2018-09-11 14:58:04
A,2018-09-11 14:58:04
A,2018-09-11 14:58:04
A,2018-09-11 14:58:04
A,2018-09-11 14:58:04
A,2018-09-11 14:58:04
A,2018-09-11 14:58:04
A,2018-09-11 14:58:04
A,2018-09-11 14:58:04
A,2018-09-11 14:58:04
A,2018-09-11 14:58:04
A,2018-09-11 14:58:04
A,2018-09-11 14:58:04
A,2018-09-11 14:58:04
A,2018-09-11 14:58:04
A,2018-09-11 14:58:04
A,2018-09-11 14:58:04
A,2018-09-11 14:58:04
A,2018-09-11 14:58:04
A,2018-09-11 14:58:04
A,2018-09-11 14:58:04
A,2018-09-11 14:58:04
A,2018-09-11 14:58:04
A,2018-09-11 14:58:04
A,2018-09-11 14:58:04
A,2018-09-11 14:58:04
A,2018-09-11 14:58:04
A,2018-09-11 14:58:04
A,2018-09-11 14:58:04
A,2018-09-11 14:58:04
A,2018-09-11 14:58:04
A,2018-09-11 14:58:04
A,2018-09-11 14:58:04
A,2018-09-11 14:58:04
A,2018-09-11 14:58:04
A,2018-09-11 14:58:04
A,2018-09-11 14:58:04
A,2018-09-11 14:58:04
A,2018-09-11 14:58:04
A,2018-09-11 14:58:04
A,2018-09-11 14:58:04
A,2018-09-11 14:58:04
A,2018-09-11 14:58:04
A,2018-09-11 14:58:04
A,2018-09-11 14:58:04
A,2018-09-11 14:58:04
A,2018-09-11 14:58:04
A,2018-09-11 14:58:04
A,2018-09-11 14:58:04
A,2018-09-11 14:58:04
A,2018-09-11 14:58:04
A,2018-09-11 14:58:04
A,2018-09-11 14:58:04
A,2018-09-11 14:58:04
A,2018-09-11 14:58:04
A,2018-09-11 14:58:04
A,2018-09-11 14:58:04
A,2018-09-11 14:58:04
A,2018-09-11 14:58:04
A,2018-09-11 14:58:04
A,2018-09-11 14:58:04
A,2018-09-11 14:58:04
A,2018-09-11 14:58:04
A,2018-09-11 14:58:04
A,2018-09-11 14:58:04
A,2018-09-11 14:58:04
A,2018-09-11 14:58:04
A,2018-09-11 14:58:04
A,2018-09-11 14:58:04
A,2018-09-11 14:58:04
A,2018-09-11 14:58:04
A,2018-09-11 14:58:04
A,2018-09-11 14:58:04
A,2018-09-11 14:58:04
A,2018-09-11 14:58:04
A,2018-09-11 14:58:04
A,2018-09-11 14:58:04
A,2018-09-11 14:58:04
A,2018-09-11 14:58:04
A,2018-09-11 14:58:04
A,2018-09-11 14:58:04
A,2018-09-11 14:58:04
A,2018-09-11 14:58:04
A,2018-09-11 14:58:04
A,2018-09-11 14:58:04
A,2018-09-11 14:58:04
A,2018-09-11 14:58:04
A,2018-09-11 14:58:04
A,2018-09-11 14:58:04
A,2018-09-11 14:58:04
A,2018-09-11 14:58:04
A,2018-09-11 14:58:04
A,2018-09-11 14:58:04
A,2018-09-11 14:58:04
A,2018-09-11 14:58:04
A,2018-09-11 14:58:04
A,2018-09-11 14:58:04
A,2018-09-11 14:58:04
A,2018-09-11 14:58:04
A,2018-09-11 14:58:04
A,2018-09-11 14:58:04
A,2018-09-11 14:58:04
A,2018-09-11 14:58:04
A,2018-09-11 14:58:04
A,2018-09-11 14:58:04
A,2018-09-11 14:58:04
A,2018-09-11 14:58:04
A,2018-09-11 14:58:04
A,2018-09-11 14:58:04
A,2018-09-11 14:58:04
A,2018-09-11 14:58:04
A,2018-09-11 14:58:04
A,2018-09-11 14:58:04
A,2018-09-11 14:58:04
A,2018-09-11 14:58:04
A,2018-09-11 14:58:04
A,2018-09-11 14:58:04
A,2018-09-11 14:58:04
A,2018-09-11 14:58:04
A,2018-09-11 14:58:04
A,2018-09-11 14:58:04
A,2018-09-11 14:58:04
A,2018-09-11 14:58:04
A,2018-09-11 14:58:04
A,2018-09-11 14:58:04
A,2018-09-11 14:58:04
A,2018-09-11 14:58:04
A,2018-09-11 14:58:04
A,2018-09-11 14:58:04
A,2018-09-11 14:58:04
A,2018-09-11 14:58:04
A,2018-09-11 14:58:04
A,2018-09-11 14:58:04
A,2018-09-11 14:58:04
A,2018-09-11 14:58:04
A,2018-09-11 14:58:04
A,2018-09-11 14:58:04
A,2018-09-11 14:58:04
A,2018-09-11 14:58:04
A,2018-09-11 14:58:04
A,2018-09-11 14:58:04
A,2018-09-11 14:58:04
A,2018-09-11 14:58:04
A,2018-09-11 14:58:04
A,2018-09-11 14:58:04
A,2018-09-11 14:58:04
A,2018-09-11 14:58:04
A,2018-09-11 14:58:04
A,2018-09-11 14:58:04
A,2018-09-11 14:58:04
A,2018-09-11 14:58:04
A,2018-09-11 14:58:04
A,2018-09-11 14:58:04
A,2018-09-11 14:58:04
A,2018-09-11 14:58:04
A,2018-09-11 14:58:04
A,2018-09-11 14:58:04
A,2018-09-11 14:58:04
A,2018-09-11 14:58:04
A,2018-09-11 14:58:04
A,2018-09-11 14:58:04
A,2018-09-11 14:58:04
A,2018-09-11 14:58:04
A,2018-09-11 14:58:04
A,2018-09-11 14:58:04
A,2018-09-11 14:58:04
A,2018-09-11 14:58:04
A,2018-09-11 14:58:04
A,2018-09-11 14:58:04
A,2018-09-11 14:58:04
A,2018-09-11 14:58:04
A,2018-09-11 14:58:04
A,2018-09-11 14:58:04
A,2018-09-11 14:58:04
A,2018-09-11 14:58:04
A,2018-09-11 14:58:04
A,2018-09-11 14:58:04
A,2018-09-11 14:58:04
A,2018-09-11 14:58:04
A,2018-09-11 14:58:04
A,2018-09-11 14:58:04
A,2018-09-11 14:58:04
A,2018-09-11 14:58:04
A,2018-09-11 14:58:04
A,2018-09-11 14:58:04
A,2018-09-11 14:58:04
A,2018-09-11 14:58:04
A,2018-09-11 14:58:04
A,2018-09-11 14:58:04
A,2018-09-11 14:58:04
A,2018-09-11 14:58:04
A,2018-09-11 14:58:04
A,2018-09-11 14:58:04
A,2018-09-11 14:58:04
A,2018-09-11 14:58:04
A,2018-09-11 14:58:04
A,2018-09-11 14:58:04
A,2018-09-11 14:58:04
A,2018-09-11 14:58:04
A,2018-09-11 14:58:04
A,2018-09-11 14:58:04
A,2018-09-11 14:58:04
A,2018-09-11 14:58:04
A,2018-09-11 14:58:04
A,2018-09-11 14:58:04
A,2018-09-11 14:58:04
A,2018-09-11 14:58:04
A,2018-09-11 14:58:04
A,2018-09-11 14:58:04
A,2018-09-11 14:58:04
A,2018-09-11 14:58:04
A,2018-09-11 14:58:04
A,2018-09-11 14:58:04
A,2018-09-11 14:58:04
A,2018-09-11 14:58:04
A,2018-09-11 14:58:04
A,2018-09-11 14:58:04
A,2018-09-11 14:58:04
A,2018-09-11 14:58:04
A,2018-09-11 14:58:04
A,2018-09-11 14:58:04
A,2018-09-11 14:58:04
A,2018-09-11 14:58:04
A,2018-09-11 14:58:04
A,2018-09-11 14:58:04
A,2018-09-11 14:58:04
A,2018-09-11 14:58:04
A,2018-09-11 14:58:04
A,2018-09-11 14:58:04
A,2018-09-11 14:58:04
A,2018-09-11 14:58:04
A,2018-09-11 14:58:04
A,2018-09-11 14:58:04
A,2018-09-11 14:58:04
A,2018-09-11 14:58:04
A,2018-09-11 14:58:04
A,2018-09-11 14:58:04
A,2018-09-11 14:58:04
A,2018-09-11 14:58:04
A,2018-09-11 14:58:04
A,2018-09-11 14:58:04
A,2018-09-11 14:58:04
A,2018-09-11 14:58:04
A,2018-09-11 14:58:04
A,2018-09-11 14:58:04
A,2018-09-11 14:58:04
A,2018-09-11 14:58:04
A,2018-09-11 14:58:04
A,2018-09-11 14:58:04
A,2018-09-11 14:58:04
A,2018-09-11 14:58:04
A,2018-09-11 14:58:04
A,2018-09-11 14:58:04
A,2018-09-11 14:58:04
A,2018-09-11 14:58:04
A,2018-09-11 14:58:04
A,2018-09-11 14:58:04
A,2018-09-11 14:58:04
A,2018-09-11 14:58:04
A,2018-09-11 14:58:04
A,2018-09-11 14:58:04
A,2018-09-11 14:58:04
A,2018-09-11 14:58:04
A,2018-09-11 14:58:04
A,2018-09-11 14:58:04
A,2018-09-11 14:58:04
A,2018-09-11 14:58:04
A,2018-09-11 14:58:04
A,2018-09-11 14:58:04
A,2018-09-11 14:58:04
A,2018-09-11 14:58:04
A,2018-09-11 14:58:04
A,2018-09-11 14:58:04
A,2018-09-11 14:58:04
A,2018-09-11 14:58:04
A,2018-09-11 14:58:04
A,2018-09-11 14:58:04
A,2018-09-11 14:58:04
A,2018-09-11 14:58:04
A,2018-09-11 14:58:04
A,2018-09-11 14:58:04
A,2018-09-11 14:58:04
A,2018-09-11 14:58:04
A,2018-09-11 14:58:04
A,2018-09-11 14:58:04
A,2018-09-11 14:58:04
A,2018-09-11 14:58:04
A,2018-09-11 14:58:04
A,2018-09-11 14:58:04
A,2018-09-11 14:58:04
A,2018-09-11 14:58:04
A,2018-09-11 14:58:04
A,2018-09-11 14:58:04
A,2018-09-11 14:58:04
A,2018-09-11 14:58:04
A,2018-09-11 14:58:04
A,2018-09-11 14:58:04
A,2018-09-11 14:58:04
A,2018-09-11 14:58:04
A,2018-09-11 14:58:04
A,2018-09-11 14:58:04
A,2018-09-11 14:58:04
A,2018-09-11 14:58:04
A,2018-09-11 14:58:04
A,2018-09-11 14:58:04
A,2018-09-11 14:58:04
A,2018-09-11 14:58:04
A,2018-09-11 14:58:04
A,2018-09-11 14:58:04
A,2018-09-11 14:58:04
A,2018-09-11 14:58:04
A,2018-09-11 14:58:04
A,2018-09-11 14:58:04
A,2018-09-11 14:58:04
A,2018-09-11 14:58:04
A,2018-09-11 14:58:04
A,2018-09-11 14:58:04
A,2018-09-11 14:58:04
A,2018-09-11 14:58:04
A,2018-09-11 14:58:04
A,2018-09-11 14:58:04
A,2018-09-11 14:58:05
A,2018-09-11 14:58:05
A,2018-09-11 14:58:05
A,2018-09-11 14:58:05
A,2018-09-11 14:58:05
A,2018-09-11 14:58:05
A,2018-09-11 14:58:05
A,2018-09-11 14:58:05
A,2018-09-11 14:58:05
A,2018-09-11 14:58:05
A,2018-09-11 14:58:05
A,2018-09-11 14:58:05
A,2018-09-11 14:58:05
A,2018-09-11 14:58:05
A,2018-09-11 14:58:05
A,2018-09-11 14:58:05
A,2018-09-11 14:58:05
A,2018-09-11 14:58:05
A,2018-09-11 14:58:05
A,2018-09-11 14:58:05
A,2018-09-11 14:58:05
A,2018-09-11 14:58:05
A,2018-09-11 14:58:05
A,2018-09-11 14:58:05
A,2018-09-11 14:58:05
A,2018-09-11 14:58:05
A,2018-09-11 14:58:05
A,2018-09-11 14:58:05
A,2018-09-11 14:58:05
A,2018-09-11 14:58:05
A,2018-09-11 14:58:05
A,2018-09-11 14:58:05
A,2018-09-11 14:58:05
A,2018-09-11 14:58:05
A,2018-09-11 14:58:05
A,2018-09-11 14:58:05
A,2018-09-11 14:58:05
A,2018-09-11 14:58:05
A,2018-09-11 14:58:05
A,2018-09-11 14:58:05
A,2018-09-11 14:58:05
A,2018-09-11 14:58:05
A,2018-09-11 14:58:05
A,2018-09-11 14:58:05
A,2018-09-11 14:58:05
A,2018-09-11 14:58:05
A,2018-09-11 14:58:05
A,2018-09-11 14:58:05
A,2018-09-11 14:58:05
A,2018-09-11 14:58:05
A,2018-09-11 14:58:05
A,2018-09-11 14:58:05
A,2018-09-11 14:58:05
A,2018-09-11 14:58:05
A,2018-09-11 14:58:05
A,2018-09-11 14:58:05
A,2018-09-11 14:58:05
A,2018-09-11 14:58:05
A,2018-09-11 14:58:05
A,2018-09-11 14:58:05
A,2018-09-11 14:58:05
A,2018-09-11 14:58:05
A,2018-09-11 14:58:05
A,2018-09-11 14:58:05
A,2018-09-11 14:58:05
A,2018-09-11 14:58:05
A,2018-09-11 14:58:05
A,2018-09-11 14:58:05
A,2018-09-11 14:58:05
A,2018-09-11 14:58:05
A,2018-09-11 14:58:05
A,2018-09-11 14:58:05
A,2018-09-11 14:58:05
A,2018-09-11 14:58:05
A,2018-09-11 14:58:05
A,2018-09-11 14:58:05
A,2018-09-11 14:58:05
A,2018-09-11 14:58:05
A,2018-09-11 14:58:05
A,2018-09-11 14:58:05
A,2018-09-11 14:58:05
A,2018-09-11 14:58:05
A,2018-09-11 14:58:05
A,2018-09-11 14:58:05
A,2018-09-11 14:58:05
A,2018-09-11 14:58:05
A,2018-09-11 14:58:05
A,2018-09-11 14:58:05
A,2018-09-11 14:58:05
A,2018-09-11 14:58:05
A,2018-09-11 14:58:05
A,2018-09-11 14:58:05
A,2018-09-11 14:58:05
A,2018-09-11 14:58:05
A,2018-09-11 14:58:05
A,2018-09-11 14:58:05
A,2018-09-11 14:58:05
A,2018-09-11 14:58:05
A,2018-09-11 14:58:05
A,2018-09-11 14:58:05
A,2018-09-11 14:58:05
A,2018-09-11 14:58:05
A,2018-09-11 14:58:05
A,2018-09-11 14:58:05
A,2018-09-11 14:58:05
A,2018-09-11 14:58:05
A,2018-09-11 14:58:05
A,2018-09-11 14:58:05
A,2018-09-11 14:58:05
A,2018-09-11 14:58:05
A,2018-09-11 14:58:05
A,2018-09-11 14:58:05
A,2018-09-11 14:58:05
A,2018-09-11 14:58:05
A,2018-09-11 14:58:05
A,2018-09-11 14:58:05
A,2018-09-11 14:58:05
A,2018-09-11 14:58:05
A,2018-09-11 14:58:05
A,2018-09-11 14:58:05
A,2018-09-11 14:58:05
A,2018-09-11 14:58:05
A,2018-09-11 14:58:05
A,2018-09-11 14:58:05
A,2018-09-11 14:58:05
A,2018-09-11 14:58:05
A,2018-09-11 14:58:05
A,2018-09-11 14:58:05
A,2018-09-11 14:58:05
A,2018-09-11 14:58:05
A,2018-09-11 14:58:05
A,2018-09-11 14:58:05
A,2018-09-11 14:58:05
A,2018-09-11 14:58:05
A,2018-09-11 14:58:05
A,2018-09-11 14:58:05
A,2018-09-11 14:58:05
A,2018-09-11 14:58:05
A,2018-09-11 14:58:05
A,2018-09-11 14:58:05
A,2018-09-11 14:58:05
A,2018-09-11 14:58:05
A,2018-09-11 14:58:05
A,2018-09-11 14:58:05
A,2018-09-11 14:58:05
A,2018-09-11 14:58:05
A,2018-09-11 14:58:05
A,2018-09-11 14:58:05
A,2018-09-11 14:58:05
A,2018-09-11 14:58:05
A,2018-09-11 14:58:05
A,2018-09-11 14:58:05
A,2018-09-11 14:58:05
A,2018-09-11 14:58:05
A,2018-09-11 14:58:05
A,2018-09-11 14:58:05
A,2018-09-11 14:58:05
A,2018-09-11 14:58:05
A,2018-09-11 14:58:05
A,2018-09-11 14:58:05
A,2018-09-11 14:58:05
A,2018-09-11 14:58:05
A,2018-09-11 14:58:05
A,2018-09-11 14:58:05
A,2018-09-11 14:58:05
A,2018-09-11 14:58:05
A,2018-09-11 14:58:05
A,2018-09-11 14:58:05
A,2018-09-11 14:58:05
A,2018-09-11 14:58:05
A,2018-09-11 14:58:05
A,2018-09-11 14:58:05
A,2018-09-11 14:58:05
A,2018-09-11 14:58:05
A,2018-09-11 14:58:05
A,2018-09-11 14:58:05
A,2018-09-11 14:58:05
A,2018-09-11 14:58:05
A,2018-09-11 14:58:05
A,2018-09-11 14:58:05
A,2018-09-11 14:58:05
A,2018-09-11 14:58:05
A,2018-09-11 14:58:05
A,2018-09-11 14:58:05
A,2018-09-11 14:58:05
A,2018-09-11 14:58:05
A,2018-09-11 14:58:05
A,2018-09-11 14:58:05
A,2018-09-11 14:58:05
A,2018-09-11 14:58:05
A,2018-09-11 14:58:05
A,2018-09-11 14:58:05
A,2018-09-11 14:58:05
A,2018-09-11 14:58:05
A,2018-09-11 14:58:05
A,2018-09-11 14:58:05
A,2018-09-11 14:58:05
A,2018-09-11 14:58:05
A,2018-09-11 14:58:05
A,2018-09-11 14:58:05
A,2018-09-11 14:58:05
A,2018-09-11 14:58:05
A,2018-09-11 14:58:05
A,2018-09-11 14:58:05
A,2018-09-11 14:58:05
A,2018-09-11 14:58:05
A,2018-09-11 14:58:05
A,2018-09-11 14:58:05
A,2018-09-11 14:58:05
A,2018-09-11 14:58:05
A,2018-09-11 14:58:05
A,2018-09-11 14:58:05
A,2018-09-11 14:58:05
A,2018-09-11 14:58:05
A,2018-09-11 14:58:05
A,2018-09-11 14:58:05
A,2018-09-11 14:58:05
A,2018-09-11 14:58:05
A,2018-09-11 14:58:05
A,2018-09-11 14:58:05
A,2018-09-11 14:58:05
A,2018-09-11 14:58:05
A,2018-09-11 14:58:05
A,2018-09-11 14:58:05
A,2018-09-11 14:58:05
A,2018-09-11 14:58:05
A,2018-09-11 14:58:05
A,2018-09-11 14:58:05
A,2018-09-11 14:58:05
A,2018-09-11 14:58:05
A,2018-09-11 14:58:05
A,2018-09-11 14:58:05
A,2018-09-11 14:58:05
A,2018-09-11 14:58:05
A,2018-09-11 14:58:05
A,2018-09-11 14:58:05
A,2018-09-11 14:58:05
A,2018-09-11 14:58:05
A,2018-09-11 14:58:05
A,2018-09-11 14:58:05
A,2018-09-11 14:58:05
A,2018-09-11 14:58:05
A,2018-09-11 14:58:05
A,2018-09-11 14:58:05
A,2018-09-11 14:58:05
A,2018-09-11 14:58:05
A,2018-09-11 14:58:05
A,2018-09-11 14:58:05
A,2018-09-11 14:58:05
A,2018-09-11 14:58:05
A,2018-09-11 14:58:05
A,2018-09-11 14:58:05
A,2018-09-11 14:58:05
A,2018-09-11 14:58:05
A,2018-09-11 14:58:05
A,2018-09-11 14:58:05
A,2018-09-11 14:58:05
A,2018-09-11 14:58:05
A,2018-09-11 14:58:05
A,2018-09-11 14:58:05
A,2018-09-11 14:58:05
A,2018-09-11 14:58:05
A,2018-09-11 14:58:05
A,2018-09-11 14:58:05
A,2018-09-11 14:58:05
A,2018-09-11 14:58:05
A,2018-09-11 14:58:05
A,2018-09-11 14:58:05
A,2018-09-11 14:58:05
A,2018-09-11 14:58:05
A,2018-09-11 14:58:05
A,2018-09-11 14:58:05
A,2018-09-11 14:58:05
A,2018-09-11 14:58:05
A,2018-09-11 14:58:05
A,2018-09-11 14:58:05
A,2018-09-11 14:58:05
A,2018-09-11 14:58:05
A,2018-09-11 14:58:05
A,2018-09-11 14:58:05
A,2018-09-11 14:58:05
A,2018-09-11 14:58:05
A,2018-09-11 14:58:05
A,2018-09-11 14:58:05
A,2018-09-11 14:58:05
A,2018-09-11 14:58:05
A,2018-09-11 14:58:05
A,2018-09-11 14:58:05
A,2018-09-11 14:58:05
A,2018-09-11 14:58:05
A,2018-09-11 14:58:05
A,2018-09-11 14:58:05
A,2018-09-11 14:58:05
A,2018-09-11 14:58:05
A,2018-09-11 14:58:05
A,2018-09-11 14:58:05
A,2018-09-11 14:58:05
A,2018-09-11 14:58:05
A,2018-09-11 14:58:05
A,2018-09-11 14:58:05
A,2018-09-11 14:58:05
A,2018-09-11 14:58:05
A,2018-09-11 14:58:05
A,2018-09-11 14:58:05
A,2018-09-11 14:58:05
A,2018-09-11 14:58:05
A,2018-09-11 14:58:05
A,2018-09-11 14:58:05
A,2018-09-11 14:58:05
A,2018-09-11 14:58:05
A,2018-09-11 14:58:05
A,2018-09-11 14:58:05
A,2018-09-11 14:58:05
A,2018-09-11 14:58:05
A,2018-09-11 14:58:05
A,2018-09-11 14:58:05
A,2018-09-11 14:58:05
A,2018-09-11 14:58:05
A,2018-09-11 14:58:05
A,2018-09-11 14:58:05
A,2018-09-11 14:58:05
A,2018-09-11 14:58:05
A,2018-09-11 14:58:05
A,2018-09-11 14:58:05
A,2018-09-11 14:58:05
A,2018-09-11 14:58:05
A,2018-09-11 14:58:05
A,2018-09-11 14:58:05
A,2018-09-11 14:58:05
A,2018-09-11 14:58:05
A,2018-09-11 14:58:05
A,2018-09-11 14:58:05
A,2018-09-11 14:58:05
A,2018-09-11 14:58:05
A,2018-09-11 14:58:05
A,2018-09-11 14:58:05
A,2018-09-11 14:58:05
A,2018-09-11 14:58:05
A,2018-09-11 14:58:05
A,2018-09-11 14:58:05
A,2018-09-11 14:58:05
A,2018-09-11 14:58:05
A,2018-09-11 14:58:05
A,2018-09-11 14:58:05
A,2018-09-11 14:58:05
A,2018-09-11 14:58:05
A,2018-09-11 14:58:05
A,2018-09-11 14:58:05
A,2018-09-11 14:58:05
A,2018-09-11 14:58:05
A,2018-09-11 14:58:05
A,2018-09-11 14:58:05
A,2018-09-11 14:58:05
A,2018-09-11 14:58:05
A,2018-09-11 14:58:05
A,2018-09-11 14:58:05
A,2018-09-11 14:58:05
A,2018-09-11 14:58:05
A,2018-09-11 14:58:05
A,2018-09-11 14:58:05
A,2018-09-11 14:58:05
A,2018-09-11 14:58:05
A,2018-09-11 14:58:05
A,2018-09-11 14:58:05
A,2018-09-11 14:58:05
A,2018-09-11 14:58:05
A,2018-09-11 14:58:05
A,2018-09-11 14:58:05
A,2018-09-11 14:58:05
A,2018-09-11 14:58:05
A,2018-09-11 14:58:05
A,2018-09-11 14:58:05
A,2018-09-11 14:58:05
A,2018-09-11 14:58:05
A,2018-09-11 14:58:05
A,2018-09-11 14:58:05
A,2018-09-11 14:58:05
A,2018-09-11 14:58:05
A,2018-09-11 14:58:05
A,2018-09-11 14:58:05
A,2018-09-11 14:58:05
A,2018-09-11 14:58:05
A,2018-09-11 14:58:05
A,2018-09-11 14:58:05
A,2018-09-11 14:58:05
A,2018-09-11 14:58:05
A,2018-09-11 14:58:05
A,2018-09-11 14:58:05
A,2018-09-11 14:58:05
A,2018-09-11 14:58:05
A,2018-09-11 14:58:05
A,2018-09-11 14:58:05
A,2018-09-11 14:58:05
A,2018-09-11 14:58:05
A,2018-09-11 14:58:05
A,2018-09-11 14:58:05
A,2018-09-11 14:58:05
A,2018-09-11 14:58:05
A,2018-09-11 14:58:05
A,2018-09-11 14:58:05
A,2018-09-11 14:58:05
A,2018-09-11 14:58:05
A,2018-09-11 14:58:05
A,2018-09-11 14:58:05
A,2018-09-11 14:58:05
A,2018-09-11 14:58:05
A,2018-09-11 14:58:05
A,2018-09-11 14:58:05
A,2018-09-11 14:58:05
A,2018-09-11 14:58:05
A,2018-09-11 14:58:05
A,2018-09-11 14:58:05
A,2018-09-11 14:58:05
A,2018-09-11 14:58:05
A,2018-09-11 14:58:05
A,2018-09-11 14:58:05
A,2018-09-11 14:58:05
A,2018-09-11 14:58:05
A,2018-09-11 14:58:05
A,2018-09-11 14:58:05
A,2018-09-11 14:58:05
A,2018-09-11 14:58:05
A,2018-09-11 14:58:05
A,2018-09-11 14:58:05
A,2018-09-11 14:58:05
A,2018-09-11 14:58:05
A,2018-09-11 14:58:05
A,2018-09-11 14:58:05
A,2018-09-11 14:58:05
A,2018-09-11 14:58:05
A,2018-09-11 14:58:05
A,2018-09-11 14:58:05
A,2018-09-11 14:58:05
A,2018-09-11 14:58:05
A,2018-09-11 14:58:05
A,2018-09-11 14:58:05
A,2018-09-11 14:58:05
A,2018-09-11 14:58:05
A,2018-09-11 14:58:05
A,2018-09-11 14:58:05
A,2018-09-11 14:58:05
A,2018-09-11 14:58:05
A,2018-09-11 14:58:05
A,2018-09-11 14:58:05
A,2018-09-11 14:58:05
A,2018-09-11 14:58:05
A,2018-09-11 14:58:05
A,2018-09-11 14:58:05
A,2018-09-11 14:58:05
A,2018-09-11 14:58:05
A,2018-09-11 14:58:05
A,2018-09-11 14:58:05
A,2018-09-11 14:58:05
A,2018-09-11 14:58:05
A,2018-09-11 14:58:05
A,2018-09-11 14:58:05
A,2018-09-11 14:58:05
A,2018-09-11 14:58:05
A,2018-09-11 14:58:05
A,2018-09-11 14:58:05
A,2018-09-11 14:58:05
A,2018-09-11 14:58:05
A,2018-09-11 14:58:05
A,2018-09-11 14:58:05
A,2018-09-11 14:58:05
A,2018-09-11 14:58:05
A,2018-09-11 14:58:05
A,2018-09-11 14:58:05
A,2018-09-11 14:58:06
A,2018-09-11 14:58:06
A,2018-09-11 14:58:06
A,2018-09-11 14:58:06
A,2018-09-11 14:58:06
A,2018-09-11 14:58:06
A,2018-09-11 14:58:06
A,2018-09-11 14:58:06
A,2018-09-11 14:58:06
A,2018-09-11 14:58:06
A,2018-09-11 14:58:06
A,2018-09-11 14:58:06
A,2018-09-11 14:58:06
A,2018-09-11 14:58:06
A,2018-09-11 14:58:06
A,2018-09-11 14:58:06
A,2018-09-11 14:58:06
A,2018-09-11 14:58:06
A,2018-09-11 14:58:06
A,2018-09-11 14:58:06
A,2018-09-11 14:58:06
A,2018-09-11 14:58:06
A,2018-09-11 14:58:06
A,2018-09-11 14:58:06
A,2018-09-11 14:58:06
A,2018-09-11 14:58:06
A,2018-09-11 14:58:06
A,2018-09-11 14:58:06
A,2018-09-11 14:58:06
A,2018-09-11 14:58:06
A,2018-09-11 14:58:06
A,2018-09-11 14:58:06
A,2018-09-11 14:58:06
A,2018-09-11 14:58:06
A,2018-09-11 14:58:06
A,2018-09-11 14:58:06
A,2018-09-11 14:58:06
A,2018-09-11 14:58:06
A,2018-09-11 14:58:06
A,2018-09-11 14:58:06
A,2018-09-11 14:58:06
A,2018-09-11 14:58:06
A,2018-09-11 14:58:06
A,2018-09-11 14:58:06
A,2018-09-11 14:58:06
A,2018-09-11 14:58:06
A,2018-09-11 14:58:06
A,2018-09-11 14:58:06
A,2018-09-11 14:58:06
A,2018-09-11 14:58:06
A,2018-09-11 14:58:06
A,2018-09-11 14:58:06
A,2018-09-11 14:58:06
A,2018-09-11 14:58:06
A,2018-09-11 14:58:06
A,2018-09-11 14:58:06
A,2018-09-11 14:58:06
A,2018-09-11 14:58:06
A,2018-09-11 14:58:06
A,2018-09-11 14:58:06
A,2018-09-11 14:58:06
A,2018-09-11 14:58:06
A,2018-09-11 14:58:06
A,2018-09-11 14:58:06
A,2018-09-11 14:58:06
A,2018-09-11 14:58:06
A,2018-09-11 14:58:06
A,2018-09-11 14:58:06
A,2018-09-11 14:58:06
A,2018-09-11 14:58:06
A,2018-09-11 14:58:06
A,2018-09-11 14:58:06
A,2018-09-11 14:58:06
A,2018-09-11 14:58:06
A,2018-09-11 14:58:06
A,2018-09-11 14:58:06
A,2018-09-11 14:58:06
A,2018-09-11 14:58:06
A,2018-09-11 14:58:06
A,2018-09-11 14:58:06
A,2018-09-11 14:58:06
A,2018-09-11 14:58:06
A,2018-09-11 14:58:06
A,2018-09-11 14:58:06
A,2018-09-11 14:58:06
A,2018-09-11 14:58:06
A,2018-09-11 14:58:06
A,2018-09-11 14:58:06
A,2018-09-11 14:58:06
A,2018-09-11 14:58:06
A,2018-09-11 14:58:06
A,2018-09-11 14:58:06
A,2018-09-11 14:58:06
A,2018-09-11 14:58:06
A,2018-09-11 14:58:06
A,2018-09-11 14:58:06
A,2018-09-11 14:58:06
A,2018-09-11 14:58:06
A,2018-09-11 14:58:06
A,2018-09-11 14:58:06
A,2018-09-11 14:58:06
A,2018-09-11 14:58:06
A,2018-09-11 14:58:06
A,2018-09-11 14:58:06
A,2018-09-11 14:58:06
A,2018-09-11 14:58:06
A,2018-09-11 14:58:06
A,2018-09-11 14:58:06
A,2018-09-11 14:58:06
A,2018-09-11 14:58:06
A,2018-09-11 14:58:06
A,2018-09-11 14:58:06
A,2018-09-11 14:58:06
A,2018-09-11 14:58:06
A,2018-09-11 14:58:06
A,2018-09-11 14:58:06
A,2018-09-11 14:58:06
A,2018-09-11 14:58:06
A,2018-09-11 14:58:06
A,2018-09-11 14:58:06
A,2018-09-11 14:58:06
A,2018-09-11 14:58:06
A,2018-09-11 14:58:06
A,2018-09-11 14:58:06
A,2018-09-11 14:58:06
A,2018-09-11 14:58:06
A,2018-09-11 14:58:06
A,2018-09-11 14:58:06
A,2018-09-11 14:58:06
A,2018-09-11 14:58:06
A,2018-09-11 14:58:06
A,2018-09-11 14:58:06
A,2018-09-11 14:58:06
A,2018-09-11 14:58:06
A,2018-09-11 14:58:06
A,2018-09-11 14:58:06
A,2018-09-11 14:58:06
A,2018-09-11 14:58:06
A,2018-09-11 14:58:06
A,2018-09-11 14:58:06
A,2018-09-11 14:58:06
A,2018-09-11 14:58:06
A,2018-09-11 14:58:06
A,2018-09-11 14:58:06
A,2018-09-11 14:58:06
A,2018-09-11 14:58:06
A,2018-09-11 14:58:06
A,2018-09-11 14:58:06
A,2018-09-11 14:58:06
A,2018-09-11 14:58:06
A,2018-09-11 14:58:06
A,2018-09-11 14:58:06
A,2018-09-11 14:58:06
A,2018-09-11 14:58:06
A,2018-09-11 14:58:06
A,2018-09-11 14:58:06
A,2018-09-11 14:58:06
A,2018-09-11 14:58:06
A,2018-09-11 14:58:06
A,2018-09-11 14:58:06
A,2018-09-11 14:58:06
A,2018-09-11 14:58:06
A,2018-09-11 14:58:06
A,2018-09-11 14:58:06
A,2018-09-11 14:58:06
A,2018-09-11 14:58:06
A,2018-09-11 14:58:06
A,2018-09-11 14:58:06
A,2018-09-11 14:58:06
A,2018-09-11 14:58:06
A,2018-09-11 14:58:06
A,2018-09-11 14:58:06
A,2018-09-11 14:58:06
A,2018-09-11 14:58:06
A,2018-09-11 14:58:06
A,2018-09-11 14:58:06
A,2018-09-11 14:58:06
A,2018-09-11 14:58:06
A,2018-09-11 14:58:06
A,2018-09-11 14:58:06
A,2018-09-11 14:58:06
A,2018-09-11 14:58:06
A,2018-09-11 14:58:06
A,2018-09-11 14:58:06
A,2018-09-11 14:58:06
A,2018-09-11 14:58:06
A,2018-09-11 14:58:06
A,2018-09-11 14:58:06
A,2018-09-11 14:58:06
A,2018-09-11 14:58:06
A,2018-09-11 14:58:06
A,2018-09-11 14:58:06
A,2018-09-11 14:58:06
A,2018-09-11 14:58:06
A,2018-09-11 14:58:06
A,2018-09-11 14:58:06
A,2018-09-11 14:58:06
A,2018-09-11 14:58:06
A,2018-09-11 14:58:06
A,2018-09-11 14:58:06
A,2018-09-11 14:58:06
A,2018-09-11 14:58:06
A,2018-09-11 14:58:06
A,2018-09-11 14:58:06
A,2018-09-11 14:58:06
A,2018-09-11 14:58:06
A,2018-09-11 14:58:06
A,2018-09-11 14:58:06
A,2018-09-11 14:58:06
A,2018-09-11 14:58:06
A,2018-09-11 14:58:06
A,2018-09-11 14:58:06
A,2018-09-11 14:58:06
A,2018-09-11 14:58:06
A,2018-09-11 14:58:06
A,2018-09-11 14:58:06
A,2018-09-11 14:58:06
A,2018-09-11 14:58:06
A,2018-09-11 14:58:06
A,2018-09-11 14:58:06
A,2018-09-11 14:58:06
A,2018-09-11 14:58:06
A,2018-09-11 14:58:06
A,2018-09-11 14:58:06
A,2018-09-11 14:58:06
A,2018-09-11 14:58:06
A,2018-09-11 14:58:06
A,2018-09-11 14:58:06
A,2018-09-11 14:58:06
A,2018-09-11 14:58:06
A,2018-09-11 14:58:06
A,2018-09-11 14:58:06
A,2018-09-11 14:58:06
A,2018-09-11 14:58:06
A,2018-09-11 14:58:06
A,2018-09-11 14:58:06
A,2018-09-11 14:58:06
A,2018-09-11 14:58:06
A,2018-09-11 14:58:06
A,2018-09-11 14:58:06
A,2018-09-11 14:58:06
A,2018-09-11 14:58:06
A,2018-09-11 14:58:06
A,2018-09-11 14:58:06
A,2018-09-11 14:58:06
A,2018-09-11 14:58:06
A,2018-09-11 14:58:06
A,2018-09-11 14:58:06
A,2018-09-11 14:58:06
A,2018-09-11 14:58:06
A,2018-09-11 14:58:06
A,2018-09-11 14:58:06
A,2018-09-11 14:58:06
A,2018-09-11 14:58:06
A,2018-09-11 14:58:06
A,2018-09-11 14:58:06
A,2018-09-11 14:58:06
A,2018-09-11 14:58:06
A,2018-09-11 14:58:06
A,2018-09-11 14:58:06
A,2018-09-11 14:58:06
A,2018-09-11 14:58:06
A,2018-09-11 14:58:06
A,2018-09-11 14:58:06
A,2018-09-11 14:58:06
A,2018-09-11 14:58:06
A,2018-09-11 14:58:06
A,2018-09-11 14:58:06
A,2018-09-11 14:58:06
A,2018-09-11 14:58:06
A,2018-09-11 14:58:06
A,2018-09-11 14:58:06
A,2018-09-11 14:58:06
A,2018-09-11 14:58:06
A,2018-09-11 14:58:06
A,2018-09-11 14:58:06
A,2018-09-11 14:58:06
A,2018-09-11 14:58:06
A,2018-09-11 14:58:06
A,2018-09-11 14:58:06
A,2018-09-11 14:58:06
A,2018-09-11 14:58:06
A,2018-09-11 14:58:06
A,2018-09-11 14:58:06
A,2018-09-11 14:58:06
A,2018-09-11 14:58:06
A,2018-09-11 14:58:06
A,2018-09-11 14:58:06
A,2018-09-11 14:58:06
A,2018-09-11 14:58:06
A,2018-09-11 14:58:06
A,2018-09-11 14:58:06
A,2018-09-11 14:58:06
A,2018-09-11 14:58:06
A,2018-09-11 14:58:06
A,2018-09-11 14:58:06
A,2018-09-11 14:58:06
A,2018-09-11 14:58:06
A,2018-09-11 14:58:06
A,2018-09-11 14:58:06
A,2018-09-11 14:58:06
A,2018-09-11 14:58:06
A,2018-09-11 14:58:06
A,2018-09-11 14:58:06
A,2018-09-11 14:58:06
A,2018-09-11 14:58:06
A,2018-09-11 14:58:06
A,2018-09-11 14:58:06
A,2018-09-11 14:58:06
A,2018-09-11 14:58:06
A,2018-09-11 14:58:06
A,2018-09-11 14:58:06
A,2018-09-11 14:58:06
A,2018-09-11 14:58:06
A,2018-09-11 14:58:06
A,2018-09-11 14:58:06
A,2018-09-11 14:58:06
A,2018-09-11 14:58:06
A,2018-09-11 14:58:06
A,2018-09-11 14:58:06
A,2018-09-11 14:58:06
A,2018-09-11 14:58:06
A,2018-09-11 14:58:06
A,2018-09-11 14:58:06
A,2018-09-11 14:58:06
A,2018-09-11 14:58:06
A,2018-09-11 14:58:06
A,2018-09-11 14:58:06
A,2018-09-11 14:58:06
A,2018-09-11 14:58:06
A,2018-09-11 14:58:06
A,2018-09-11 14:58:06
A,2018-09-11 14:58:06
A,2018-09-11 14:58:06
A,2018-09-11 14:58:06
A,2018-09-11 14:58:06
A,2018-09-11 14:58:06
A,2018-09-11 14:58:06
A,2018-09-11 14:58:06
A,2018-09-11 14:58:06
A,2018-09-11 14:58:06
A,2018-09-11 14:58:06
A,2018-09-11 14:58:06
A,2018-09-11 14:58:06
A,2018-09-11 14:58:06
A,2018-09-11 14:58:06
A,2018-09-11 14:58:06
A,2018-09-11 14:58:06
A,2018-09-11 14:58:06
A,2018-09-11 14:58:06
A,2018-09-11 14:58:06
A,2018-09-11 14:58:06
A,2018-09-11 14:58:06
A,2018-09-11 14:58:06
A,2018-09-11 14:58:06
A,2018-09-11 14:58:06
A,2018-09-11 14:58:06
A,2018-09-11 14:58:06
A,2018-09-11 14:58:06
A,2018-09-11 14:58:06
A,2018-09-11 14:58:06
A,2018-09-11 14:58:06
A,2018-09-11 14:58:06
A,2018-09-11 14:58:06
A,2018-09-11 14:58:06
A,2018-09-11 14:58:06
A,2018-09-11 14:58:06
A,2018-09-11 14:58:06
A,2018-09-11 14:58:06
A,2018-09-11 14:58:06
A,2018-09-11 14:58:06
A,2018-09-11 14:58:06
A,2018-09-11 14:58:06
A,2018-09-11 14:58:06
A,2018-09-11 14:58:06
A,2018-09-11 14:58:06
A,2018-09-11 14:58:06
A,2018-09-11 14:58:06
A,2018-09-11 14:58:06
A,2018-09-11 14:58:06
A,2018-09-11 14:58:06
A,2018-09-11 14:58:06
A,2018-09-11 14:58:06
A,2018-09-11 14:58:06
A,2018-09-11 14:58:06
A,2018-09-11 14:58:06
A,2018-09-11 14:58:06
A,2018-09-11 14:58:06
A,2018-09-11 14:58:06
A,2018-09-11 14:58:06
A,2018-09-11 14:58:06
A,2018-09-11 14:58:06
A,2018-09-11 14:58:06
A,2018-09-11 14:58:06
A,2018-09-11 14:58:06
A,2018-09-11 14:58:06
A,2018-09-11 14:58:06
A,2018-09-11 14:58:06
A,2018-09-11 14:58:06
A,2018-09-11 14:58:06
A,2018-09-11 14:58:06
A,2018-09-11 14:58:06
A,2018-09-11 14:58:06
A,2018-09-11 14:58:06
A,2018-09-11 14:58:06
A,2018-09-11 14:58:06
A,2018-09-11 14:58:06
A,2018-09-11 14:58:06
A,2018-09-11 14:58:06
A,2018-09-11 14:58:06
A,2018-09-11 14:58:06
A,2018-09-11 14:58:06
A,2018-09-11 14:58:06
A,2018-09-11 14:58:06
A,2018-09-11 14:58:06
A,2018-09-11 14:58:06
A,2018-09-11 14:58:06
A,2018-09-11 14:58:06
A,2018-09-11 14:58:06
A,2018-09-11 14:58:06
A,2018-09-11 14:58:06
A,2018-09-11 14:58:06
A,2018-09-11 14:58:06
A,2018-09-11 14:58:06
A,2018-09-11 14:58:06
A,2018-09-11 14:58:06
A,2018-09-11 14:58:06
A,2018-09-11 14:58:06
A,2018-09-11 14:58:06
A,2018-09-11 14:58:06
A,2018-09-11 14:58:06
A,2018-09-11 14:58:06
A,2018-09-11 14:58:06
A,2018-09-11 14:58:06
A,2018-09-11 14:58:06
A,2018-09-11 14:58:06
A,2018-09-11 14:58:06
A,2018-09-11 14:58:06
A,2018-09-11 14:58:06
A,2018-09-11 14:58:06
A,2018-09-11 14:58:06
A,2018-09-11 14:58:06
A,2018-09-11 14:58:06
A,2018-09-11 14:58:06
A,2018-09-11 14:58:06
A,2018-09-11 14:58:06
A,2018-09-11 14:58:06
A,2018-09-11 14:58:06
A,2018-09-11 14:58:06
A,2018-09-11 14:58:06
A,2018-09-11 14:58:06
A,2018-09-11 14:58:06
A,2018-09-11 14:58:06
A,2018-09-11 14:58:06
A,2018-09-11 14:58:06
A,2018-09-11 14:58:06
A,2018-09-11 14:58:06
A,2018-09-11 14:58:06
A,2018-09-11 14:58:06
A,2018-09-11 14:58:06
A,2018-09-11 14:58:06
A,2018-09-11 14:58:06
A,2018-09-11 14:58:06
A,2018-09-11 14:58:06
A,2018-09-11 14:58:06
A,2018-09-11 14:58:06
A,2018-09-11 14:58:06
A,2018-09-11 14:58:06
A,2018-09-11 14:58:06
A,2018-09-11 14:58:06
A,2018-09-11 14:58:06
A,2018-09-11 14:58:06
A,2018-09-11 14:58:06
A,2018-09-11 14:58:06
A,2018-09-11 14:58:06
A,2018-09-11 14:58:06
A,2018-09-11 14:58:06
A,2018-09-11 14:58:06
A,2018-09-11 14:58:06
A,2018-09-11 14:58:06
A,2018-09-11 14:58:07
A,2018-09-11 14:58:07
A,2018-09-11 14:58:07
A,2018-09-11 14:58:07
A,2018-09-11 14:58:07
A,2018-09-11 14:58:07
A,2018-09-11 14:58:07
A,2018-09-11 14:58:07
A,2018-09-11 14:58:07
A,2018-09-11 14:58:07
A,2018-09-11 14:58:07
A,2018-09-11 14:58:07
A,2018-09-11 14:58:07
A,2018-09-11 14:58:07
A,2018-09-11 14:58:07
A,2018-09-11 14:58:07
A,2018-09-11 14:58:07
A,2018-09-11 14:58:07
A,2018-09-11 14:58:07
A,2018-09-11 14:58:07
A,2018-09-11 14:58:07
A,2018-09-11 14:58:07
A,2018-09-11 14:58:07
A,2018-09-11 14:58:07
A,2018-09-11 14:58:07
A,2018-09-11 14:58:07
A,2018-09-11 14:58:07
A,2018-09-11 14:58:07
A,2018-09-11 14:58:07
A,2018-09-11 14:58:07
A,2018-09-11 14:58:07
A,2018-09-11 14:58:07
A,2018-09-11 14:58:07
A,2018-09-11 14:58:07
A,2018-09-11 14:58:07
A,2018-09-11 14:58:07
A,2018-09-11 14:58:07
A,2018-09-11 14:58:07
A,2018-09-11 14:58:07
A,2018-09-11 14:58:07
A,2018-09-11 14:58:07
A,2018-09-11 14:58:07
A,2018-09-11 14:58:07
A,2018-09-11 14:58:07
A,2018-09-11 14:58:07
A,2018-09-11 14:58:07
A,2018-09-11 14:58:07
A,2018-09-11 14:58:07
A,2018-09-11 14:58:07
A,2018-09-11 14:58:07
A,2018-09-11 14:58:07
A,2018-09-11 14:58:07
A,2018-09-11 14:58:07
A,2018-09-11 14:58:07
A,2018-09-11 14:58:07
A,2018-09-11 14:58:07
A,2018-09-11 14:58:07
A,2018-09-11 14:58:07
A,2018-09-11 14:58:07
A,2018-09-11 14:58:07
A,2018-09-11 14:58:07
A,2018-09-11 14:58:07
A,2018-09-11 14:58:07
A,2018-09-11 14:58:07
A,2018-09-11 14:58:07
A,2018-09-11 14:58:07
A,2018-09-11 14:58:07
A,2018-09-11 14:58:07
A,2018-09-11 14:58:07
A,2018-09-11 14:58:07
A,2018-09-11 14:58:07
A,2018-09-11 14:58:07
A,2018-09-11 14:58:07
A,2018-09-11 14:58:07
A,2018-09-11 14:58:07
A,2018-09-11 14:58:07
A,2018-09-11 14:58:07
A,2018-09-11 14:58:07
A,2018-09-11 14:58:07
A,2018-09-11 14:58:07
A,2018-09-11 14:58:07
A,2018-09-11 14:58:07
A,2018-09-11 14:58:07
A,2018-09-11 14:58:07
A,2018-09-11 14:58:07
A,2018-09-11 14:58:07
A,2018-09-11 14:58:07
A,2018-09-11 14:58:07
A,2018-09-11 14:58:07
A,2018-09-11 14:58:07
A,2018-09-11 14:58:07
A,2018-09-11 14:58:07
A,2018-09-11 14:58:07
A,2018-09-11 14:58:07
A,2018-09-11 14:58:07
A,2018-09-11 14:58:07
A,2018-09-11 14:58:07
A,2018-09-11 14:58:07
A,2018-09-11 14:58:07
A,2018-09-11 14:58:07
A,2018-09-11 14:58:07
A,2018-09-11 14:58:07
A,2018-09-11 14:58:07
A,2018-09-11 14:58:07
A,2018-09-11 14:58:07
A,2018-09-11 14:58:07
A,2018-09-11 14:58:07
A,2018-09-11 14:58:07
A,2018-09-11 14:58:07
A,2018-09-11 14:58:07
A,2018-09-11 14:58:07
A,2018-09-11 14:58:07
A,2018-09-11 14:58:07
A,2018-09-11 14:58:07
A,2018-09-11 14:58:07
A,2018-09-11 14:58:07
A,2018-09-11 14:58:07
A,2018-09-11 14:58:07
A,2018-09-11 14:58:07
A,2018-09-11 14:58:07
A,2018-09-11 14:58:07
A,2018-09-11 14:58:07
A,2018-09-11 14:58:07
A,2018-09-11 14:58:07
A,2018-09-11 14:58:07
A,2018-09-11 14:58:07
A,2018-09-11 14:58:07
A,2018-09-11 14:58:07
A,2018-09-11 14:58:07
A,2018-09-11 14:58:07
A,2018-09-11 14:58:07
A,2018-09-11 14:58:07
A,2018-09-11 14:58:07
A,2018-09-11 14:58:07
A,2018-09-11 14:58:07
A,2018-09-11 14:58:07
A,2018-09-11 14:58:07
A,2018-09-11 14:58:07
A,2018-09-11 14:58:07
A,2018-09-11 14:58:07
A,2018-09-11 14:58:07
A,2018-09-11 14:58:07
A,2018-09-11 14:58:07
A,2018-09-11 14:58:07
A,2018-09-11 14:58:07
A,2018-09-11 14:58:07
A,2018-09-11 14:58:07
A,2018-09-11 14:58:07
A,2018-09-11 14:58:07
A,2018-09-11 14:58:07
A,2018-09-11 14:58:07
A,2018-09-11 14:58:07
A,2018-09-11 14:58:07
A,2018-09-11 14:58:07
A,2018-09-11 14:58:07
A,2018-09-11 14:58:07
A,2018-09-11 14:58:07
A,2018-09-11 14:58:07
A,2018-09-11 14:58:07
A,2018-09-11 14:58:07
A,2018-09-11 14:58:07
A,2018-09-11 14:58:07
A,2018-09-11 14:58:07
A,2018-09-11 14:58:07
A,2018-09-11 14:58:07
A,2018-09-11 14:58:07
A,2018-09-11 14:58:07
A,2018-09-11 14:58:07
A,2018-09-11 14:58:07
A,2018-09-11 14:58:07
A,2018-09-11 14:58:07
A,2018-09-11 14:58:07
A,2018-09-11 14:58:07
A,2018-09-11 14:58:07
A,2018-09-11 14:58:07
A,2018-09-11 14:58:07
A,2018-09-11 14:58:07
A,2018-09-11 14:58:07
A,2018-09-11 14:58:07
A,2018-09-11 14:58:07
A,2018-09-11 14:58:07
A,2018-09-11 14:58:07
A,2018-09-11 14:58:07
A,2018-09-11 14:58:07
A,2018-09-11 14:58:07
A,2018-09-11 14:58:07
A,2018-09-11 14:58:07
A,2018-09-11 14:58:07
A,2018-09-11 14:58:07
A,2018-09-11 14:58:07
A,2018-09-11 14:58:07
A,2018-09-11 14:58:07
A,2018-09-11 14:58:07
A,2018-09-11 14:58:07
A,2018-09-11 14:58:07
A,2018-09-11 14:58:07
A,2018-09-11 14:58:07
A,2018-09-11 14:58:07
A,2018-09-11 14:58:07
A,2018-09-11 14:58:07
A,2018-09-11 14:58:07
A,2018-09-11 14:58:07
A,2018-09-11 14:58:07
A,2018-09-11 14:58:07
A,2018-09-11 14:58:07
A,2018-09-11 14:58:07
A,2018-09-11 14:58:07
A,2018-09-11 14:58:07
A,2018-09-11 14:58:07
A,2018-09-11 14:58:07
A,2018-09-11 14:58:07
A,2018-09-11 14:58:07
A,2018-09-11 14:58:07
A,2018-09-11 14:58:07
A,2018-09-11 14:58:07
A,2018-09-11 14:58:07
A,2018-09-11 14:58:07
A,2018-09-11 14:58:07
A,2018-09-11 14:58:07
A,2018-09-11 14:58:07
A,2018-09-11 14:58:07
A,2018-09-11 14:58:07
A,2018-09-11 14:58:07
A,2018-09-11 14:58:07
A,2018-09-11 14:58:07
A,2018-09-11 14:58:07
A,2018-09-11 14:58:07
A,2018-09-11 14:58:07
A,2018-09-11 14:58:07
A,2018-09-11 14:58:07
A,2018-09-11 14:58:07
A,2018-09-11 14:58:07
A,2018-09-11 14:58:07
A,2018-09-11 14:58:07
A,2018-09-11 14:58:07
A,2018-09-11 14:58:07
A,2018-09-11 14:58:07
A,2018-09-11 14:58:07
A,2018-09-11 14:58:07
A,2018-09-11 14:58:07
A,2018-09-11 14:58:07
A,2018-09-11 14:58:07
A,2018-09-11 14:58:07
A,2018-09-11 14:58:07
A,2018-09-11 14:58:07
A,2018-09-11 14:58:07
A,2018-09-11 14:58:07
A,2018-09-11 14:58:07
A,2018-09-11 14:58:07
A,2018-09-11 14:58:07
A,2018-09-11 14:58:07
A,2018-09-11 14:58:07
A,2018-09-11 14:58:07
A,2018-09-11 14:58:07
A,2018-09-11 14:58:07
A,2018-09-11 14:58:07
A,2018-09-11 14:58:07
A,2018-09-11 14:58:07
A,2018-09-11 14:58:07
A,2018-09-11 14:58:07
A,2018-09-11 14:58:07
A,2018-09-11 14:58:07
A,2018-09-11 14:58:07
A,2018-09-11 14:58:07
A,2018-09-11 14:58:07
A,2018-09-11 14:58:07
A,2018-09-11 14:58:07
A,2018-09-11 14:58:07
A,2018-09-11 14:58:07
A,2018-09-11 14:58:07
A,2018-09-11 14:58:07
A,2018-09-11 14:58:07
A,2018-09-11 14:58:07
A,2018-09-11 14:58:07
A,2018-09-11 14:58:07
A,2018-09-11 14:58:07
A,2018-09-11 14:58:07
A,2018-09-11 14:58:07
A,2018-09-11 14:58:07
A,2018-09-11 14:58:07
A,2018-09-11 14:58:07
A,2018-09-11 14:58:07
A,2018-09-11 14:58:07
A,2018-09-11 14:58:07
A,2018-09-11 14:58:07
A,2018-09-11 14:58:07
A,2018-09-11 14:58:07
A,2018-09-11 14:58:07
A,2018-09-11 14:58:07
A,2018-09-11 14:58:07
A,2018-09-11 14:58:07
A,2018-09-11 14:58:07
A,2018-09-11 14:58:07
A,2018-09-11 14:58:07
A,2018-09-11 14:58:07
A,2018-09-11 14:58:07
A,2018-09-11 14:58:07
A,2018-09-11 14:58:07
A,2018-09-11 14:58:07
A,2018-09-11 14:58:07
A,2018-09-11 14:58:07
A,2018-09-11 14:58:07
A,2018-09-11 14:58:07
A,2018-09-11 14:58:07
A,2018-09-11 14:58:07
A,2018-09-11 14:58:07
A,2018-09-11 14:58:07
A,2018-09-11 14:58:07
A,2018-09-11 14:58:07
A,2018-09-11 14:58:07
A,2018-09-11 14:58:07
A,2018-09-11 14:58:07
A,2018-09-11 14:58:07
A,2018-09-11 14:58:07
A,2018-09-11 14:58:07
A,2018-09-11 14:58:07
A,2018-09-11 14:58:07
A,2018-09-11 14:58:07
A,2018-09-11 14:58:07
A,2018-09-11 14:58:07
A,2018-09-11 14:58:07
A,2018-09-11 14:58:07
A,2018-09-11 14:58:07
A,2018-09-11 14:58:07
A,2018-09-11 14:58:07
A,2018-09-11 14:58:07
A,2018-09-11 14:58:07
A,2018-09-11 14:58:07
A,2018-09-11 14:58:07
A,2018-09-11 14:58:07
A,2018-09-11 14:58:07
A,2018-09-11 14:58:07
A,2018-09-11 14:58:07
A,2018-09-11 14:58:07
A,2018-09-11 14:58:07
A,2018-09-11 14:58:07
A,2018-09-11 14:58:07
A,2018-09-11 14:58:07
A,2018-09-11 14:58:07
A,2018-09-11 14:58:07
A,2018-09-11 14:58:07
A,2018-09-11 14:58:07
A,2018-09-11 14:58:07
A,2018-09-11 14:58:07
A,2018-09-11 14:58:07
A,2018-09-11 14:58:07
A,2018-09-11 14:58:07
A,2018-09-11 14:58:07
A,2018-09-11 14:58:07
A,2018-09-11 14:58:07
A,2018-09-11 14:58:07
A,2018-09-11 14:58:07
A,2018-09-11 14:58:07
A,2018-09-11 14:58:07
A,2018-09-11 14:58:07
A,2018-09-11 14:58:07
A,2018-09-11 14:58:07
A,2018-09-11 14:58:07
A,2018-09-11 14:58:07
A,2018-09-11 14:58:07
A,2018-09-11 14:58:07
A,2018-09-11 14:58:07
A,2018-09-11 14:58:07
A,2018-09-11 14:58:07
A,2018-09-11 14:58:07
A,2018-09-11 14:58:07
A,2018-09-11 14:58:07
A,2018-09-11 14:58:07
A,2018-09-11 14:58:07
A,2018-09-11 14:58:07
A,2018-09-11 14:58:07
A,2018-09-11 14:58:07
A,2018-09-11 14:58:07
A,2018-09-11 14:58:07
A,2018-09-11 14:58:07
A,2018-09-11 14:58:07
A,2018-09-11 14:58:07
A,2018-09-11 14:58:07
A,2018-09-11 14:58:07
A,2018-09-11 14:58:07
A,2018-09-11 14:58:07
A,2018-09-11 14:58:07
A,2018-09-11 14:58:07
A,2018-09-11 14:58:07
A,2018-09-11 14:58:07
A,2018-09-11 14:58:07
A,2018-09-11 14:58:07
A,2018-09-11 14:58:07
A,2018-09-11 14:58:07
A,2018-09-11 14:58:07
A,2018-09-11 14:58:07
A,2018-09-11 14:58:07
A,2018-09-11 14:58:07
A,2018-09-11 14:58:07
A,2018-09-11 14:58:07
A,2018-09-11 14:58:07
A,2018-09-11 14:58:07
A,2018-09-11 14:58:07
A,2018-09-11 14:58:07
A,2018-09-11 14:58:07
A,2018-09-11 14:58:07
A,2018-09-11 14:58:07
A,2018-09-11 14:58:07
A,2018-09-11 14:58:07
A,2018-09-11 14:58:07
A,2018-09-11 14:58:07
A,2018-09-11 14:58:07
A,2018-09-11 14:58:07
A,2018-09-11 14:58:07
A,2018-09-11 14:58:07
A,2018-09-11 14:58:07
A,2018-09-11 14:58:07
A,2018-09-11 14:58:07
A,2018-09-11 14:58:07
A,2018-09-11 14:58:07
A,2018-09-11 14:58:07
A,2018-09-11 14:58:07
A,2018-09-11 14:58:07
A,2018-09-11 14:58:07
A,2018-09-11 14:58:07
A,2018-09-11 14:58:07
A,2018-09-11 14:58:07
A,2018-09-11 14:58:07
A,2018-09-11 14:58:07
A,2018-09-11 14:58:07
A,2018-09-11 14:58:07
A,2018-09-11 14:58:07
A,2018-09-11 14:58:07
A,2018-09-11 14:58:07
A,2018-09-11 14:58:07
A,2018-09-11 14:58:07
A,2018-09-11 14:58:07
A,2018-09-11 14:58:07
A,2018-09-11 14:58:07
A,2018-09-11 14:58:07
A,2018-09-11 14:58:07
A,2018-09-11 14:58:07
A,2018-09-11 14:58:07
A,2018-09-11 14:58:07
A,2018-09-11 14:58:07
A,2018-09-11 14:58:07
A,2018-09-11 14:58:07
A,2018-09-11 14:58:07
A,2018-09-11 14:58:07
A,2018-09-11 14:58:07
A,2018-09-11 14:58:07
A,2018-09-11 14:58:07
A,2018-09-11 14:58:07
A,2018-09-11 14:58:07
A,2018-09-11 14:58:07
A,2018-09-11 14:58:07
A,2018-09-11 14:58:07
A,2018-09-11 14:58:07
A,2018-09-11 14:58:07
A,2018-09-11 14:58:07
A,2018-09-11 14:58:07
A,2018-09-11 14:58:07
A,2018-09-11 14:58:07
A,2018-09-11 14:58:07
A,2018-09-11 14:58:07
A,2018-09-11 14:58:07
A,2018-09-11 14:58:07
A,2018-09-11 14:58:07
A,2018-09-11 14:58:07
A,2018-09-11 14:58:07
A,2018-09-11 14:58:07
A,2018-09-11 14:58:07
A,2018-09-11 14:58:07
A,2018-09-11 14:58:07
A,2018-09-11 14:58:07
A,2018-09-11 14:58:07
A,2018-09-11 14:58:07
A,2018-09-11 14:58:07
A,2018-09-11 14:58:07
A,2018-09-11 14:58:07
A,2018-09-11 14:58:07
A,2018-09-11 14:58:07
A,2018-09-11 14:58:07
A,2018-09-11 14:58:07
A,2018-09-11 14:58:07
A,2018-09-11 14:58:07
A,2018-09-11 14:58:07
A,2018-09-11 14:58:07
A,2018-09-11 14:58:07
A,2018-09-11 14:58:07
A,2018-09-11 14:58:07
A,2018-09-11 14:58:07
A,2018-09-11 14:58:07
A,2018-09-11 14:58:07
A,2018-09-11 14:58:07
A,2018-09-11 14:58:07
A,2018-09-11 14:58:07
A,2018-09-11 14:58:08
A,2018-09-11 14:58:08
A,2018-09-11 14:58:08
A,2018-09-11 14:58:08
A,2018-09-11 14:58:08
A,2018-09-11 14:58:08
A,2018-09-11 14:58:08
A,2018-09-11 14:58:08
A,2018-09-11 14:58:08
A,2018-09-11 14:58:08
A,2018-09-11 14:58:08
A,2018-09-11 14:58:08
A,2018-09-11 14:58:08
A,2018-09-11 14:58:08
A,2018-09-11 14:58:08
A,2018-09-11 14:58:08
A,2018-09-11 14:58:08
A,2018-09-11 14:58:08
A,2018-09-11 14:58:08
A,2018-09-11 14:58:08
A,2018-09-11 14:58:08
A,2018-09-11 14:58:08
A,2018-09-11 14:58:08
A,2018-09-11 14:58:08
A,2018-09-11 14:58:08
A,2018-09-11 14:58:08
A,2018-09-11 14:58:08
A,2018-09-11 14:58:08
A,2018-09-11 14:58:08
A,2018-09-11 14:58:08
A,2018-09-11 14:58:08
A,2018-09-11 14:58:08
A,2018-09-11 14:58:08
A,2018-09-11 14:58:08
A,2018-09-11 14:58:08
A,2018-09-11 14:58:08
A,2018-09-11 14:58:08
A,2018-09-11 14:58:08
A,2018-09-11 14:58:08
A,2018-09-11 14:58:08
A,2018-09-11 14:58:08
A,2018-09-11 14:58:08
A,2018-09-11 14:58:08
A,2018-09-11 14:58:08
A,2018-09-11 14:58:08
A,2018-09-11 14:58:08
A,2018-09-11 14:58:08
A,2018-09-11 14:58:08
A,2018-09-11 14:58:08
A,2018-09-11 14:58:08
A,2018-09-11 14:58:08
A,2018-09-11 14:58:08
A,2018-09-11 14:58:08
A,2018-09-11 14:58:08
A,2018-09-11 14:58:08
A,2018-09-11 14:58:08
A,2018-09-11 14:58:08
A,2018-09-11 14:58:08
A,2018-09-11 14:58:08
A,2018-09-11 14:58:08
A,2018-09-11 14:58:08
A,2018-09-11 14:58:08
A,2018-09-11 14:58:08
A,2018-09-11 14:58:08
A,2018-09-11 14:58:08
A,2018-09-11 14:58:08
A,2018-09-11 14:58:08
A,2018-09-11 14:58:08
A,2018-09-11 14:58:08
A,2018-09-11 14:58:08
A,2018-09-11 14:58:08
A,2018-09-11 14:58:08
A,2018-09-11 14:58:08
A,2018-09-11 14:58:08
A,2018-09-11 14:58:08
A,2018-09-11 14:58:08
A,2018-09-11 14:58:08
A,2018-09-11 14:58:08
A,2018-09-11 14:58:08
A,2018-09-11 14:58:08
A,2018-09-11 14:58:08
A,2018-09-11 14:58:08
A,2018-09-11 14:58:08
A,2018-09-11 14:58:08
A,2018-09-11 14:58:08
A,2018-09-11 14:58:08
A,2018-09-11 14:58:08
A,2018-09-11 14:58:08
A,2018-09-11 14:58:08
A,2018-09-11 14:58:08
A,2018-09-11 14:58:08
A,2018-09-11 14:58:08
A,2018-09-11 14:58:08
A,2018-09-11 14:58:08
A,2018-09-11 14:58:08
A,2018-09-11 14:58:08
A,2018-09-11 14:58:08
A,2018-09-11 14:58:08
A,2018-09-11 14:58:08
A,2018-09-11 14:58:08
A,2018-09-11 14:58:08
A,2018-09-11 14:58:08
A,2018-09-11 14:58:08
A,2018-09-11 14:58:08
A,2018-09-11 14:58:08
A,2018-09-11 14:58:08
A,2018-09-11 14:58:08
A,2018-09-11 14:58:08
A,2018-09-11 14:58:08
A,2018-09-11 14:58:08
A,2018-09-11 14:58:08
A,2018-09-11 14:58:08
A,2018-09-11 14:58:08
A,2018-09-11 14:58:08
A,2018-09-11 14:58:08
A,2018-09-11 14:58:08
A,2018-09-11 14:58:08
A,2018-09-11 14:58:08
A,2018-09-11 14:58:08
A,2018-09-11 14:58:08
A,2018-09-11 14:58:08
A,2018-09-11 14:58:08
A,2018-09-11 14:58:08
A,2018-09-11 14:58:08
A,2018-09-11 14:58:08
A,2018-09-11 14:58:08
A,2018-09-11 14:58:08
A,2018-09-11 14:58:08
A,2018-09-11 14:58:08
A,2018-09-11 14:58:08
A,2018-09-11 14:58:08
A,2018-09-11 14:58:08
A,2018-09-11 14:58:08
A,2018-09-11 14:58:08
A,2018-09-11 14:58:08
A,2018-09-11 14:58:08
A,2018-09-11 14:58:08
A,2018-09-11 14:58:08
A,2018-09-11 14:58:08
A,2018-09-11 14:58:08
A,2018-09-11 14:58:08
A,2018-09-11 14:58:08
A,2018-09-11 14:58:08
A,2018-09-11 14:58:08
A,2018-09-11 14:58:08
A,2018-09-11 14:58:08
A,2018-09-11 14:58:08
A,2018-09-11 14:58:08
A,2018-09-11 14:58:08
A,2018-09-11 14:58:08
A,2018-09-11 14:58:08
A,2018-09-11 14:58:08
A,2018-09-11 14:58:08
A,2018-09-11 14:58:08
A,2018-09-11 14:58:08
A,2018-09-11 14:58:08
A,2018-09-11 14:58:08
A,2018-09-11 14:58:08
A,2018-09-11 14:58:08
A,2018-09-11 14:58:08
A,2018-09-11 14:58:08
A,2018-09-11 14:58:08
A,2018-09-11 14:58:08
A,2018-09-11 14:58:08
A,2018-09-11 14:58:08
A,2018-09-11 14:58:08
A,2018-09-11 14:58:08
A,2018-09-11 14:58:08
A,2018-09-11 14:58:08
A,2018-09-11 14:58:08
A,2018-09-11 14:58:08
A,2018-09-11 14:58:08
A,2018-09-11 14:58:08
A,2018-09-11 14:58:08
A,2018-09-11 14:58:08
A,2018-09-11 14:58:08
A,2018-09-11 14:58:08
A,2018-09-11 14:58:08
A,2018-09-11 14:58:08
A,2018-09-11 14:58:08
A,2018-09-11 14:58:08
A,2018-09-11 14:58:08
A,2018-09-11 14:58:08
A,2018-09-11 14:58:08
A,2018-09-11 14:58:08
A,2018-09-11 14:58:08
A,2018-09-11 14:58:08
A,2018-09-11 14:58:08
A,2018-09-11 14:58:08
A,2018-09-11 14:58:08
A,2018-09-11 14:58:08
A,2018-09-11 14:58:08
A,2018-09-11 14:58:08
A,2018-09-11 14:58:08
A,2018-09-11 14:58:08
A,2018-09-11 14:58:08
A,2018-09-11 14:58:08
A,2018-09-11 14:58:08
A,2018-09-11 14:58:08
A,2018-09-11 14:58:08
A,2018-09-11 14:58:08
A,2018-09-11 14:58:08
A,2018-09-11 14:58:08
A,2018-09-11 14:58:08
A,2018-09-11 14:58:08
A,2018-09-11 14:58:08
A,2018-09-11 14:58:08
